branch_id,branch_name,manager_name,city,country
BRN01ZNN78I3V3D,East Nicholas Branch,Diane Larson,,
BRN0307FBDU2Q4K,North Dustin Branch,Mary Hernandez,,
BRN045ZQQK60738,South Reginald Branch,Susan Spencer,,
BRN0585SDS271EC,North Amber Branch,Bruce Chapman,,
BRN06FSFLBAAHKI,Lake Kimberly Branch,Melissa Fleming,,
BRN072BFPSLQT4O,Johnborough Branch,William Le DDS,,
BRN074QUUTD570G,Lake Bethton Branch,Ashley Jones,,
BRN08KVU3U4974O,Scottstad Branch,Robin Newman,,
BRN0AW1UIK5U8HV,Wadebury Branch,David Fletcher,,
BRN0C5M9JQVGMLQ,Lake Kevin Branch,Jerry Mckinney,,
BRN0DZIA6P6W4SQ,Simpsonchester Branch,Christopher Wood,,
BRN0EGNNID8P6OA,Middletonberg Branch,Christina Everett,,
BRN0GPH1RZSI9SW,North Kristina Branch,Angel Russell,,
BRN0HXDJIGFYAQK,Williamville Branch,Monica Davidson,,
BRN0IWSB18BZSRC,North Jonathanfort Branch,Desiree Woods,,
BRN0LJTPXTRAXJU,Kevinport Branch,Nathan Smith,,
BRN0LX9ANS0XUSM,North Jenniferville Branch,James Tran,,
BRN0MFUKOD089YM,New Charlesfort Branch,Adam Jennings,,
BRN0NB6M6W427V2,Olsonmouth Branch,Daniel Edwards,,
BRN0RUKARUBHZIP,Gallaghertown Branch,Peter Eaton,,
BRN0T1V6TPVQFMB,Scottstad Branch,Steven Hill,,
BRN0TQKBO00YCS2,North Trevor Branch,Philip Jones,,
BRN0XKB9J43MPKA,East Bryanbury Branch,Daniel Sanders,,
BRN0XWVZT8QTCTW,Cruzfurt Branch,Roger Cisneros,,
BRN0Y4Z19WIM5DZ,North Heather Branch,Jennifer Ortega,,
BRN0Y5BIEGD98MI,South James Branch,Madison Norton,,
BRN11TR7Q6UQEB3,Lake Jasonfort Branch,Olivia Medina,,
BRN1B8HAGADUNZ9,Anitachester Branch,Cameron Hughes,,
BRN1CDRBQ9SBRBT,New Laurenview Branch,Sarah Haley,,
BRN1G9IF0VVUDNT,Port Kimberly Branch,Paula Graham,,
BRN1H1PG5UVH8L7,North Valerie Branch,Thomas Davis,,
BRN1O14M4617WOP,Thomasburgh Branch,Alexander Phillips,,
BRN1OI6G8V4YB4H,Timothyfort Branch,Angela Gibson,,
BRN1OWR12GRURZ7,Beverlyfort Branch,Antonio Russell,,
BRN1THK15OAWXV6,Davisfort Branch,Jesse Wright,,
BRN1UMM6WP4KRUT,Davidport Branch,Tricia Fox,,
BRN1Z3NIA4D8VUO,Lisaburgh Branch,Evelyn Evans,,
BRN1ZW0TIHJ2BA1,Williamsville Branch,William Vance,,
BRN21TZXA7QWWIE,Simschester Branch,Andrew Brewer,,
BRN22BQET1S8V9Z,Spencermouth Branch,Matthew Coleman,,
BRN23IL9M1TCAE9,New Edwardberg Branch,Mrs. Christine Banks,,
BRN23OG6NS4AYVX,Fordview Branch,John Hodges,,
BRN23R0HJL8KNR8,Heatherland Branch,Steven Wolf,,
BRN23ZERLZ3R9BY,Mcmahonview Branch,Mr. Michael Clark,,
BRN24Y0BH2Z0M1X,New Kristina Branch,Hayley Kirby,,
BRN2A3CPRXZRXOK,Wayneside Branch,David Smith,,
BRN2BYTZR4X6WGB,North Anthonytown Branch,Larry Fletcher,,
BRN2DA116X757SY,Sanchezshire Branch,Dr. Sheena Smith,,
BRN2DDFSGJXKNB6,Port Davidmouth Branch,Dr. Carla Jenkins,,
BRN2EJD1LOQW5OG,West Karen Branch,Ruth Shannon DVM,,
BRN2H9OPRX2AS5L,Kimberlyview Branch,Emma Perkins,,
BRN2LBJFSF73U8C,Elizabethview Branch,Jason Phillips,,
BRN2S13S7JF67RO,Kellermouth Branch,Kelly Lewis,,
BRN2TNBMJFTGG3F,Jenniferland Branch,Cynthia Howell,,
BRN2UC2TKNP3LB1,Hillhaven Branch,Martin Michael,,
BRN2VSISZAU1YI0,New Christian Branch,James Reynolds,,
BRN2XHON1CD66ON,Port Haroldfurt Branch,Christine Tate,,
BRN2XQDN2KEK3YB,Smithberg Branch,Beth Cohen,,
BRN2Y3M4H561RTE,East Laura Branch,Anne Skinner,,
BRN32BD8WSGUU4Y,East Elizabethland Branch,Erin Greene,,
BRN37GD8KSHXDEP,Ronaldburgh Branch,Andrea Meyers,,
BRN3B145SNKFI0N,Greenchester Branch,Claudia Phillips,,
BRN3BEAUUCO2G32,New Brucefurt Branch,Ashley Anderson,,
BRN3CPF73NZFQJ9,South Ashley Branch,Marcia Rose,,
BRN3FJJS7LGRZPR,West Robertport Branch,David Bryant,,
BRN3H52ZHM3A18D,Brownmouth Branch,Steven Yang,,
BRN3JYT7GZQ1E8W,Thomasshire Branch,David Conner,,
BRN3KQ1RKN2TNZ4,East Vernon Branch,Linda Peters,,
BRN3N4WATRMUVPC,Jeremymouth Branch,Steven Richards,,
BRN3O290B5U9Z8V,Pamelaberg Branch,Margaret Rivera,,
BRN3QR8BGKWMY35,Mcdonaldhaven Branch,Jamie Goodman,,
BRN3YTYN57KYF6T,Davisfurt Branch,Eric Spencer,,
BRN41SPQQI20GZG,Churchmouth Branch,Crystal Oconnor MD,,
BRN46TVNYIQUQM9,West Michaelbury Branch,Brenda Harris,,
BRN4CI7SAKJ7DG8,West Kristahaven Branch,Joshua Castaneda,,
BRN4CO8B21IE013,Port Michael Branch,Curtis Ortiz,,
BRN4LYOC3RVRX7Y,Kristinaborough Branch,Kurt Mcintyre,,
BRN4S1H7PE7STQU,Lake James Branch,Crystal Moore,,
BRN4VV2ASTVH6NN,Hernandezview Branch,Tina Whitaker,,
BRN4VYSBYTOT75T,Andersonmouth Branch,Jesse Turner,,
BRN4ZKQ68I6HX2O,Paulaport Branch,Nicholas Gray,,
BRN50BUNKKJ8D0S,East Ryan Branch,David Maldonado,,
BRN52335MO9F342,Toddland Branch,Martin Richardson,,
BRN54CU4JU4JY3J,South Amandaside Branch,Kyle Ford,,
BRN57VTKHPMQ1CH,Jamesborough Branch,Joanne Holland,,
BRN589UMB9P0ZJ9,Hopkinsshire Branch,Courtney Harris,,
BRN5EPEVCEC0Y3K,Simmonshaven Branch,Beth King,,
BRN5PFSCEDHH6YK,Palmerfurt Branch,Lori Whitney,,
BRN5QJEDUXHHX7S,Hobbsstad Branch,Brittney Ibarra,,
BRN5R4ZWA9KSSPW,Port Cheyenneton Branch,Kayla Brown,,
BRN5WRCF1D7AU8I,Juliabury Branch,Sandra Zimmerman,,
BRN686QV963XYL3,Port Williamland Branch,David Allen,,
BRN6FI3K66BZD0Q,Amymouth Branch,Rebecca Benton,,
BRN6HN34M68Z02C,Gonzalezfurt Branch,Kevin Jones,,
BRN6QTN0RZFPL6R,Josephborough Branch,Mr. Ryan Gill,,
BRN6SJPKWJPEJXF,Thomaston Branch,Seth Andersen,,
BRN6ZWXBOSGVYKP,Chenchester Branch,Crystal Coleman,,
BRN7069JELVL7IH,Port Brandon Branch,Johnny Johnson,,
BRN70IJGCF0NIKD,Jonathanhaven Branch,Glenn Moran,,
BRN77WXZNR5QJAE,Aliciaside Branch,Taylor Burns,,
BRN78HTKZ5R1DWX,Joshuaburgh Branch,Allen Gutierrez,,
BRN7CYQHMUOLW3K,Kimfort Branch,Vanessa Rios,,
BRN7F9YPEK2ST3Q,Morganchester Branch,Tracy Johnson,,
BRN7KPL7G1SSF9D,North Raven Branch,Dalton Little,,
BRN7LIV0HF70YL1,East Larry Branch,Sarah Moyer,,
BRN7LPNGKYQ010N,Santiagohaven Branch,Gabriella Logan,,
BRN7ONHTKCS9F4U,Guerreroport Branch,Ricky Thornton,,
BRN7OVQ26JKB78P,New Kellyburgh Branch,Katie Dorsey,,
BRN7P6H71X31TPK,North Johnstad Branch,Brandon White,,
BRN7SLGMGX1JBR4,Millerside Branch,Tyler Dixon,,
BRN7T8FN144M16A,Sabrinaport Branch,Luis Shaw,,
BRN7TSZNQESRPAR,Bonnietown Branch,Logan Nash,,
BRN7W0HPDH3VKLC,East Russellberg Branch,Matthew Hernandez,,
BRN7Z795PBMCSGM,West Justinmouth Branch,Elizabeth Adams,,
BRN80Z6XGKNX1Z5,Hallmouth Branch,Anthony Grant,,
BRN89D4I34YGVGG,Dustinville Branch,Melinda Myers,,
BRN8CQHIT8VSFR3,East Donna Branch,Katelyn Jennings,,
BRN8MBTQV6LGEYE,Port Deanna Branch,Danielle Reyes,,
BRN8OTQLDK1ZNN5,North Nicoleville Branch,Michael Bradley,,
BRN8P2JLUR3UR27,Jonathanchester Branch,Kathleen Mccarthy,,
BRN8RKSDIFS27DR,Port Jill Branch,Jessica Reynolds,,
BRN8WN6KJRM804G,Christinebury Branch,Rachel Schmitt,,
BRN8Y5EKB5Z3WSW,North Williamland Branch,Kaitlin Mcbride,,
BRN93VOOTYXRPRX,Lake Mary Branch,Tanya Young,,
BRN99EK1R3KYVAC,Georgeshire Branch,Lindsey Perkins,,
BRN9C13DR7PKTWV,West James Branch,Cassie French,,
BRN9FZOLRXIGCF7,West Henry Branch,Emily Chen,,
BRN9HW71YLOMR16,Karenfort Branch,Robert Davis,,
BRN9K61QQVP8R3A,Jeremyville Branch,Tonya Kim,,
BRN9MMMXE8KZ0ST,Emilyside Branch,Hannah Flores,,
BRN9U61XLVXLPKF,Justinbury Branch,Megan Kennedy,,
BRN9W3W19WJMP70,North Briana Branch,Kathryn Henry,,
BRN9XDSBT8SL7M9,Port Michelemouth Branch,Terri Richardson,,
BRNA0SWKZAOVYWU,Billystad Branch,Anthony Beasley,,
BRNA2147Y2E87RD,East Jon Branch,Scott Henderson,,
BRNA37F4NT17EZU,West Andrew Branch,Manuel Gray,,
BRNA3Q59KW88YVA,East Emily Branch,Melissa Roman,,
BRNA8ZXW83HJ2D1,Guzmanberg Branch,Dylan Lawson,,
BRNAAM4CRQV1WZZ,Port Bradleychester Branch,Sarah Mills,,
BRNABD44E56ZY66,Erintown Branch,Cody Young,,
BRNABT6OHXDTNKQ,Baileytown Branch,Sharon Frank,,
BRNADGGDFT49IVT,Jenniferview Branch,Janet Miller,,
BRNAIRPYN0INGTF,South Melanieville Branch,Scott Sanchez,,
BRNAJVDTJM01Z0Y,Joefort Branch,Kristin Fox,,
BRNALN837MS2AQ2,South Anamouth Branch,Pamela Garcia,,
BRNALRC9TI9MC0Y,South Richard Branch,Anthony White,,
BRNAMDH072SW3LN,North Zachary Branch,Whitney Porter,,
BRNANP7MLHRNCOI,West Tiffanyland Branch,Kristi Cook,,
BRNAOETKI47J1XR,North Stephen Branch,Christopher Bartlett,,
BRNAOVCP70RT4GN,Port Katherinebury Branch,Maureen Johnson,,
BRNARE01MZKU2NM,West Brianhaven Branch,Ashley Cochran,,
BRNAV1D6MQ7U7TZ,South Juliastad Branch,Sandra Reynolds,,
BRNAY10VFVWBZGS,Lake Joanborough Branch,Christopher Smith,,
BRNB2XJFX1RXUWF,Kellyside Branch,Jessica Johnson,,
BRNB3HGVBJSQEVM,Liburgh Branch,April Martin,,
BRNB5S9S54S5MMT,Robinsonfurt Branch,Sarah Craig,,
BRNB9H55BSD67WT,Warrenstad Branch,Jessica Hardin,,
BRNBCA8WKEBBF02,Mistyton Branch,Gina Carroll,,
BRNBETPHZPO9LJR,Port Amymouth Branch,Kevin Murray,,
BRNBGIFLYP20EV2,Robinsontown Branch,Christopher Wilson,,
BRNBHFF2ONY90VF,Port Justin Branch,Steven Jones,,
BRNBL5N8MTJ0Z4S,Lake Adam Branch,Jennifer Carey,,
BRNBOA1CO2K2XXC,Williamston Branch,Nicole Rivera,,
BRNBOSZL3KIRL13,Richardton Branch,Deborah Bailey,,
BRNBR93ENIXSEJ0,Lanestad Branch,William Walsh,,
BRNBRY4KOEU5AIJ,Priceshire Branch,Dakota Adams,,
BRNBTPGKZ5CZ8XD,Mendezshire Branch,Steven Ho,,
BRNBW9JXEEGS6SF,East Bailey Branch,Joseph Solomon,,
BRNBYG1PCMUT8BK,Watsonland Branch,Taylor Ball,,
BRNBZ4IZE2QHZBG,New Julie Branch,Benjamin Diaz,,
BRNC5WFZ2XPNDSU,Alicefurt Branch,Michael Brown,,
BRNCAQV8J131CS9,South Denisechester Branch,Richard Wilson,,
BRNCC876T6DQI5Q,Edwardton Branch,Mrs. Christina Schmidt,,
BRNCGTB0OMBAEFD,Brownmouth Branch,Corey Wallace,,
BRNCJVM4NGX8FZA,Sophiabury Branch,Misty Yates,,
BRNCU7WYFT2RHIJ,Douglasstad Branch,Hayley Petty,,
BRNCV2TJZWRN3R3,West Robert Branch,Alex Hoffman,,
BRNCV5LPAG86JW6,Taylorfort Branch,William Conrad,,
BRNCX05MKMW1SN0,Lisaport Branch,Allison Johnson,,
BRNCYB6R2DPH0WO,Stephanieton Branch,Amanda Butler,,
BRNCZ2HQ5ZGSVPV,North James Branch,Jonathan Nelson,,
BRND0OHCOHINPUU,Lake Meghanborough Branch,Bob Young,,
BRND179V653B9AR,Timothyville Branch,Christopher Campos,,
BRND3MRO11OBIHS,Garciachester Branch,Phillip Miller,,
BRND41PQS52DBUR,Jacobstad Branch,Billy Miles,,
BRND61G0V0XACEC,Ronnieville Branch,Miranda Ferguson,,
BRNDB3M0I3HHYFA,Port Traciville Branch,Patricia Le,,
BRNDBSLNC8BQ201,Edwardville Branch,Christine Bradford,,
BRNDE2V60M3641C,Monicastad Branch,Shawn Randolph,,
BRNDEUZU0M8Q9K0,Lake Dillonhaven Branch,Diana Fletcher,,
BRNDIR13ISRLAR5,West Joshuamouth Branch,Gina Ware,,
BRNDRH56KP05XGY,Chenchester Branch,Terry Estrada,,
BRNDRPZNE7IZ514,New Abigail Branch,Brandon Shelton,,
BRNE2SO30EKYMPS,North Joshua Branch,Melissa Yang,,
BRNE56XFBA1AMZ1,Watsonport Branch,Natalie Ingram,,
BRNE5AMNO7MGVTI,Lake Karenland Branch,James Swanson,,
BRNE5TASWJK9L2E,East Nicholas Branch,Christina Rivera,,
BRNE654AM1IEQTL,New Joel Branch,Melvin Thompson,,
BRNE93G8LKHH921,Port Cassidyton Branch,Katie Silva,,
BRNEGTZRGFQHIEQ,Jamesport Branch,Christina Simpson,,
BRNEIG5IGR745AY,New Angela Branch,Frederick Mitchell,,
BRNETFXGEF9HBLS,Tiffanyton Branch,Francisco Rogers,,
BRNF1PIBHMZ9VGE,North Rhonda Branch,Summer Harrison,,
BRNF2PFRIFCW20F,North Mary Branch,Joseph Martin,,
BRNF34DLTD9L8U5,Lisafort Branch,Kristine Mitchell,,
BRNF4INHYWBBWJ8,Brandonstad Branch,Benjamin Mcdaniel,,
BRNF6PCTX2NVVP6,South Christopherhaven Branch,Amanda Hubbard,,
BRNFBPO78SAI046,Kevinside Branch,Vanessa Green,,
BRNFGC7TMQJFYQ9,Reedchester Branch,Andrea Flores,,
BRNFLGHW34KUWNL,Port April Branch,Brad Brown,,
BRNFMWFMUO4UT4T,South Paulfort Branch,Jonathon Ibarra,,
BRNFTU71NDCDUDQ,Boyershire Branch,Rachel Murphy,,
BRNFTYNARA0DGXO,North Kelly Branch,Derek Wilcox,,
BRNFU9ARCDWB8UM,Gillespiestad Branch,Robin Patterson,,
BRNFUDK9QW23UQT,Lake Cynthiabury Branch,Dana Adkins,,
BRNFXXBMQCCTDDG,South Daniellehaven Branch,Joe Reynolds,,
BRNG0QINEOK1JC8,Port Rachael Branch,Travis Estrada,,
BRNG1SGHOS948J6,West Pamelatown Branch,Claudia Ortega,,
BRNG46RQDBKUQBD,Parkerview Branch,Maria Ray,,
BRNG6AR46AVUWOJ,Williamview Branch,Mark Mcbride,,
BRNG837MBTQ21KQ,Port Michaelberg Branch,Patricia Ellis,,
BRNG95XJBS3KXD7,North Omar Branch,Andrea Richards,,
BRNG9FQ8XRDY2NB,North Amyland Branch,Margaret George,,
BRNGB5A75QSOCVD,Mariamouth Branch,James Willis,,
BRNGL4J6I5QOEQS,Freemanmouth Branch,Ariel Little,,
BRNGM1MA5PGHX6Y,Elizabethshire Branch,Tasha Oliver,,
BRNGPJVT4TV6M4G,Blackton Branch,Richard Scott,,
BRNGQEX48ATCCQV,Stephanieshire Branch,Laura Jordan,,
BRNGQV1H5IY2OQO,Briggsshire Branch,Curtis Hooper,,
BRNGU3KEPPEQK1P,Michaelmouth Branch,Dana Pittman,,
BRNGYSYZDI7O9GI,Jessebury Branch,Shirley Bauer,,
BRNH2GPD5VCE5T1,South Elizabeth Branch,George Smith,,
BRNH4VAT74VICD3,Lake Amber Branch,Charlene Hart,,
BRNH5UO0PW43B4U,Ginamouth Branch,Douglas Brown,,
BRNH6428ZF2TB8H,Amandashire Branch,Ann Gordon MD,,
BRNH6L5M0D7JE1O,Heatherhaven Branch,Jasmine Gomez,,
BRNHCXG62939CY7,Jacobview Branch,Alicia Mcdonald,,
BRNHG42YRNWTAOJ,North Michaelbury Branch,Jonathan Russell,,
BRNHKA567YGZOZT,Riceview Branch,Samantha Taylor,,
BRNHONI4A4MKAXQ,Kennedyshire Branch,Michelle Day,,
BRNHUFOQAPVTBQY,Port Kayla Branch,Daniel Perry,,
BRNHXMX6BZUUWXZ,South Benjamin Branch,Barbara Jimenez,,
BRNHYAOHXTINJYF,Lake Debra Branch,Michael Holmes,,
BRNI0O9OSM6AKV1,New Elizabeth Branch,Emily Hopkins DVM,,
BRNI36WXX3UHU7B,Doylestad Branch,Morgan Sims,,
BRNI49QJ5KEYFGW,Matthewstad Branch,Joshua West,,
BRNI9YGJ014K53L,East Jessicafurt Branch,Marcus Jennings,,
BRNIB9R4JS1ELTJ,Westberg Branch,Caitlin Chapman,,
BRNIC24ZZ63DQ8C,Amberstad Branch,Robert Williamson,,
BRNIEJ3YZZQY3JU,Moranberg Branch,Laura Duncan,,
BRNIGCYPUSON15L,West Margaretbury Branch,David Michael,,
BRNIHWYXBUP5WL6,West Corybury Branch,Douglas Farmer,,
BRNII4RCD2XC7HJ,West Samantha Branch,Adam Leach,,
BRNIICO0QQVC5JB,Elliottfurt Branch,Julie Martinez,,
BRNIK05O8VG8C6Q,Alyssaview Branch,Edward Larsen,,
BRNIKX0SIIU0NSD,Bowenside Branch,Kathleen Adams,,
BRNIOGQWLP8KJZP,Schneiderbury Branch,James Brooks,,
BRNIUSJCZG7KCAZ,Phillipsstad Branch,Stephen Estes,,
BRNIVDTQ7X9D82J,West Nicole Branch,Ruth Adams,,
BRNIWKWU2AJBFGI,Howehaven Branch,Mary Hayes,,
BRNIY049Z0D2LAM,Sullivanside Branch,Karen Parker,,
BRNJ1U85R4JAET8,North Davidland Branch,Robert Garner,,
BRNJBXLGMDDFFFQ,New Kimberly Branch,Richard Martin,,
BRNJCAHQWUWZ3Y7,Williamschester Branch,Amy Reed,,
BRNJD7AG9YQGCYW,New Jeanettestad Branch,Katie Griffin,,
BRNJDDT92DDF14X,Shelleyberg Branch,Sandra Hall,,
BRNJHSRWBYFP0I8,Port Tammy Branch,David Khan,,
BRNJL1YZ7VTW5RV,Port Cameronport Branch,Rachel Hawkins,,
BRNJLW96NLK6DQ6,Millershire Branch,Roger Murray,,
BRNJNG0U4RMLHZB,Elizabethville Branch,Natasha Owens,,
BRNJVTGF1TW1NDG,Joneston Branch,Tina Walker,,
BRNJXNDP3V1IHTB,East Lori Branch,George Lopez,,
BRNJYFBJL67QIFE,Woodfurt Branch,Barbara Dennis,,
BRNK0B5LE8NUEWU,Whiteview Branch,Michael Jones,,
BRNK4QAFONR7FTU,New Travis Branch,Daniel Brown,,
BRNKCHDBZHWFWBP,Tannerville Branch,Donna Roberts,,
BRNKE0A0S381LFT,North Beth Branch,Yolanda Ramirez,,
BRNKFC01C1Q81YF,South Kennethstad Branch,Matthew Wilkinson,,
BRNKGDGBV1389T4,North Ashleyberg Branch,Amanda Lindsey,,
BRNKN53YNLJMAMW,North Elizabethport Branch,Kyle Murphy,,
BRNKNH1G9U5VOTJ,Kimport Branch,Casey Thompson,,
BRNKP2S78MU16GM,South Michellemouth Branch,Angela Carpenter,,
BRNKPXWJYK3CAYV,West Wendy Branch,Brian Nelson,,
BRNKQ37KYJVEUVP,East Hunterchester Branch,Mary Ross,,
BRNKT7Z49NI1JE6,Lake Lawrencemouth Branch,Brianna Wallace,,
BRNKUQ8DIPONRNG,Ricardoside Branch,Jason Scott,,
BRNKUY897YC7T19,South Jennifer Branch,Rebecca Melton,,
BRNKXU8TFX7F7X1,East Robert Branch,Amanda Montgomery,,
BRNKYYJ7VN38U5K,Meganland Branch,Katherine Zimmerman,,
BRNL1R82LPKIYLI,New Maria Branch,Zachary Richard,,
BRNL3NWRHFTCJS7,Port Kevinhaven Branch,Benjamin Palmer,,
BRNL421VZST0P42,New Timothy Branch,Shane Martin,,
BRNL96G64YH4UVG,West Kevin Branch,Lonnie Hahn,,
BRNLAKAWU7E6PRP,Ronnietown Branch,Mary Perez,,
BRNLEUOSHFJWO4J,Woodbury Branch,Hayley Gardner,,
BRNLF012386LYG6,Donaldborough Branch,Ashley Watson,,
BRNLFUQAEZWNJJE,Barrontown Branch,David Barnes,,
BRNLLPXGFSFJ3TI,Bensonside Branch,Joel Jordan,,
BRNLNNDFTYAXGXW,South Ashley Branch,David Gallegos,,
BRNLNQ3ATROMF7K,New Patrickborough Branch,Gregory Hunter,,
BRNLQ2F7O11BMOT,Morenoburgh Branch,Ashley Sullivan,,
BRNLQ4WM6GARJZA,Maddenfurt Branch,Lisa Kline,,
BRNLUXCEVB7LNUI,Carrillofurt Branch,Linda Frost,,
BRNLV3NO7TKFL80,New Jessica Branch,Jesse Tucker,,
BRNLY3ZYAWPKCO5,Holderhaven Branch,David Thompson,,
BRNM0WFXPH8YPAY,Port Jasonchester Branch,John Blake,,
BRNM2TMHDSICL01,South Michelle Branch,Brandon Bryant,,
BRNM48SCDSNC0JA,Feliciafort Branch,Michael Molina,,
BRNM55U5HYFQI7Z,South Elizabethport Branch,Michele Jones,,
BRNM5ZVKGRLDS74,New Ryanburgh Branch,Crystal Garner,,
BRNM688QI8JQRO4,North Steven Branch,Glenda Hines,,
BRNM9TR8KIDWQ2C,New John Branch,Michael Goodman,,
BRNMG7AFR361RF9,South Steven Branch,Karen Gutierrez,,
BRNMIURM93P50OV,Wyattstad Branch,Cindy Schmidt,,
BRNMJNYH7GFZFDG,Wrightside Branch,Jeffrey Webb,,
BRNMM4V8L02FZ7T,Gailland Branch,Jose Warren,,
BRNMN4VYUALYTOE,Masonmouth Branch,Joshua Hale,,
BRNMTIKW7QA36T0,Edwardton Branch,Mr. Martin Nguyen,,
BRNMU332N737YQM,Port Jesseton Branch,Nicole Franklin,,
BRNMYSBA039YK7J,South David Branch,Mrs. Virginia Parker DVM,,
BRNMYYBJSJ6E4KZ,Valdeztown Branch,Monica Thomas,,
BRNN2S84N066GVT,Malloryport Branch,Isabel Lara,,
BRNN3L28LAAKTL5,Susanport Branch,Andrea Medina,,
BRNN5VAMXEODCO5,Seanchester Branch,Shelly Lee,,
BRNN9MKS0G4CDF0,Hardyburgh Branch,Mary Zavala,,
BRNNHO3ULLHMLPA,East Beth Branch,Jason Smith,,
BRNNM4UF8O8II5W,Yvetteville Branch,Jeremy Forbes,,
BRNNMC8U3QHS5P5,Matthewview Branch,Kimberly Garcia,,
BRNNMP91SXTF21W,East Janetstad Branch,Katie Foley,,
BRNNP48QDHNRI7J,Lopezhaven Branch,Patrick Wagner,,
BRNNWKHIMR8PHRJ,North Justinburgh Branch,Alexandra Powers,,
BRNNWY2NMN3WYPF,Scottfurt Branch,Ian Webster,,
BRNO03KRW45VKNE,East Diane Branch,Jennifer King,,
BRNO1KFIV8SH443,Flynnmouth Branch,Margaret Johnson,,
BRNO55RR7V8TT23,Port Yvetteberg Branch,Christina Wilson,,
BRNO7NML4GTTSFQ,North Debraview Branch,Melanie Thomas,,
BRNOD3ZL4AL5J6K,West Jasonhaven Branch,Shawn Buck,,
BRNOHO3OWUWT8MI,Rogerland Branch,Walter Stanley,,
BRNOJMV502X0DQE,West Rhonda Branch,Megan Nunez,,
BRNOKIXMU72UMNY,Port Deborah Branch,Jeffrey Santiago,,
BRNON9ZT27AWSP3,West Andrewview Branch,John Cook,,
BRNOS9S018K8TW3,South Victoria Branch,Valerie Wheeler,,
BRNOVDMRORNS5BX,West Kaylaburgh Branch,Patrick Duncan,,
BRNOVI1O2EZSGWR,Lake Heather Branch,Laura Tanner,,
BRNOZUDTGQ8IQRU,Jackfort Branch,Brendan Wheeler,,
BRNP1M90OF0VWJR,Jessicaberg Branch,Amanda Marsh,,
BRNP2YY8X9O4HLR,New Russell Branch,Kayla Calhoun,,
BRNPDJDMYE5UF1V,Delgadotown Branch,Timothy Young,,
BRNPFJCFU0THKMF,Christineshire Branch,Antonio Armstrong,,
BRNPHKWCNU26FLX,Gregorystad Branch,Maureen Carter,,
BRNPI3R6KJ78Y5F,Port Ellenberg Branch,Corey Mills,,
BRNPJ0JBYX4EVSA,East Jamie Branch,Stacey Gallagher,,
BRNPKOEP6ZLEC7M,West Lawrencefurt Branch,Sue Miller,,
BRNPOAL8W6B171N,Turnermouth Branch,Angela Gonzalez,,
BRNPVEWJ451LCTB,Lake Denisefurt Branch,Melissa Lambert,,
BRNPYYFD5OOPYLI,Nunezview Branch,Donna Marshall,,
BRNQ1KZQ3GQY3TG,East Stevenstad Branch,Timothy Bishop,,
BRNQ39CL5SYCV6E,Michaelville Branch,Amber Johnston,,
BRNQ3SA51X99RXI,New Rachel Branch,Jose Thomas,,
BRNQA3VMG7QI4WG,South Jessica Branch,Raymond Medina,,
BRNQC1PHVHNB4DQ,Gomezfurt Branch,Marcia Shields,,
BRNQG1QQ2MX0WMX,Brownborough Branch,Denise Ibarra,,
BRNQGPK0WL39Z9X,Lake Carl Branch,Christopher Davis,,
BRNQHBNSIMRBQT8,Nelsonville Branch,Ariana Thomas,,
BRNQITSM00S7E94,Port Barbarabury Branch,Misty Mcguire,,
BRNQNG9EDKS8182,Cantumouth Branch,Adam Miller DDS,,
BRNQOSFO9LAJYD4,West Whitney Branch,Barbara Rodriguez,,
BRNQPY5W1KT3F8N,Port Dominic Branch,Ashley Johnson,,
BRNQU535ERNVZVI,Josephmouth Branch,Laura Flores,,
BRNQUPI75325OWY,South Alyssaport Branch,Brent Peterson,,
BRNQVYRCU0HYUTI,Robertfurt Branch,Kimberly Mcgrath,,
BRNQY3FXMO1UHHU,Toddland Branch,Heather Tucker,,
BRNQY86EEWPIIRI,Port Christopherborough Branch,Bruce Johnson,,
BRNR4W0BUQKX4B9,East Daniel Branch,Julia Miller,,
BRNR56R2GB7UQTS,East Joshua Branch,Danielle Turner,,
BRNR5FU4Q9H1DDP,Patriciamouth Branch,Heather Smith,,
BRNRANI6SNOL81T,Lake Jeffrey Branch,Roger Myers,,
BRNRGG2NGBX834B,South Haley Branch,Ashley Key,,
BRNRH2W0JYRD9SN,East Garyland Branch,Cheryl Cook,,
BRNRHTOKNCN0DDB,Port Anne Branch,Mallory Williams,,
BRNRK8A0PAKY8XC,Melissaburgh Branch,Shane Morgan,,
BRNRKBR0HUB84B8,Port Randy Branch,Paige Kelley,,
BRNRKL3KMVDVN0S,Lake Scott Branch,Alex Velasquez,,
BRNRLVFHDCZM5NZ,East Lorraineshire Branch,Samantha Rodriguez,,
BRNRMRW8JAT2X6Y,West Natalie Branch,John Pierce,,
BRNRP48DU6LUX9I,East Lauraville Branch,Keith Roberts,,
BRNRQ8LNZO4Q4S9,South Brittneymouth Branch,Virginia Hopkins,,
BRNRSSJAU5TWWTF,South Matthew Branch,Christina Wong,,
BRNRTJZ60634LVE,New William Branch,Erica Mosley,,
BRNRX16SU3U1KW3,West Joshua Branch,Michael Grant,,
BRNS0E8Q601G5RW,Shawnfort Branch,Samuel Ferrell,,
BRNS191PDN9KJT5,North Jared Branch,Stacy Lawrence,,
BRNS4PZQIGKBBS5,Jenniferport Branch,Aaron Perry,,
BRNS6R1X8GVB0L7,Lake Angela Branch,Kenneth Dunn,,
BRNS7C3MVF70E0R,Cobbberg Branch,Timothy Cross,,
BRNSB7XDMR6R167,West Erica Branch,Betty Chapman DDS,,
BRNSFCWI8IX20F8,Jeffreyfurt Branch,David Roberson,,
BRNSHIXCZ741CGQ,South Christystad Branch,Christopher Gomez,,
BRNSLCMPRN5XTO1,Meghanborough Branch,Jennifer Martin,,
BRNSNSRE25T1041,Patelmouth Branch,Theresa Barrett,,
BRNSPLIUL3PQ74V,Joannefort Branch,Jennifer Haney,,
BRNSSZ41QZRFQQE,Port Sophia Branch,Jo Shepherd,,
BRNSZ3GFEQ048XM,Kellyport Branch,Lori Molina,,
BRNT8KHSQ9YVDVQ,East Markmouth Branch,Catherine Adams,,
BRNTB1BKIYTM8OE,East Stacychester Branch,Linda Reed,,
BRNTBG57LS16NSM,Douglasview Branch,George Martinez,,
BRNTGSX108M175U,North Kimberlybury Branch,Mikayla Ramos,,
BRNTI5PPXQXATIV,North Michael Branch,Nicole Hampton,,
BRNTJCDIH3C71OA,Lake Christina Branch,Jason Stewart,,
BRNTJIPWJZZJQ29,New Seanville Branch,Katrina Jenkins,,
BRNTR2WYFS2K7I8,Christopherburgh Branch,Steven Combs,,
BRNTTNR03ZUS8V3,New Justinland Branch,David Young,,
BRNTXJUEUUI9POY,Mitchellview Branch,Olivia Hudson,,
BRNU0ZL3OLW28XI,Hopkinschester Branch,Julia Marquez,,
BRNU3IWU7MVI9QT,Garrettfort Branch,George Crane,,
BRNUGX4V548LMGY,Lake Alexander Branch,Peter Miller,,
BRNUL4LO7DOOXJ5,East Garyside Branch,Alexis Chaney,,
BRNULYR8T3535P8,Hickmanburgh Branch,Frank Davidson,,
BRNUM1PLSHW2OC4,Deborahfort Branch,James Brown,,
BRNUPAF0V92MGGC,East Nancyshire Branch,Elizabeth Navarro,,
BRNUS99OZLH1LSD,Lopezborough Branch,Alexis Leonard,,
BRNUVHL73LFRGN6,Kempshire Branch,Jake Murphy,,
BRNUWAOF2OCZ8O9,Jefferyborough Branch,Marc Dennis,,
BRNUY66LY8HBKQW,Coopermouth Branch,Joshua Robinson,,
BRNUYEEJJ3HJO3N,Marychester Branch,Elizabeth Lee,,
BRNUZEW1YROO8BZ,West Brianland Branch,Sarah Michael,,
BRNV64RQ5DX79Q4,Johnfort Branch,Hunter Perez,,
BRNV99E6L1VMTQH,Stevensville Branch,Alexis Jackson,,
BRNVC5VGSTGL6RH,Taylorton Branch,Nicole Wilson,,
BRNVTP1M3V2RRUF,Lake Krystalview Branch,David Johnson,,
BRNW1EADE90DRAX,Port Christopher Branch,Heather Delgado,,
BRNW250ENHMLC8V,North Katelynshire Branch,Cheryl Duarte,,
BRNW2GC4WX3337N,New Saraview Branch,David Hendrix,,
BRNW2M9AYX38S5M,North Christinamouth Branch,Jeffrey Allen,,
BRNW38A76619R9H,Brownville Branch,Angela Gomez,,
BRNW3L335SGYGH2,Laurabury Branch,Mario Moss,,
BRNW3V6N3QS5G63,Andrewchester Branch,Christopher Hart,,
BRNW79B59DGM75A,Christopherview Branch,Christina Young,,
BRNW7SWJ22FSFPV,North Emilytown Branch,Mr. Kenneth Brooks,,
BRNWB0DSMNSC4EJ,Lake Aaronville Branch,Daniel Brown,,
BRNWBNVPV2VA3RU,South Ralphberg Branch,Ashley Hurst,,
BRNWGO7TPYMFB4Y,Mcdonaldfurt Branch,Kenneth Dougherty,,
BRNWJ2S2ZG51JY4,Carrilloshire Branch,Mary Ortiz,,
BRNWMD3TU05HPD0,Pattontown Branch,Rose Vasquez,,
BRNWNF5URE2153J,Lawsonchester Branch,Gabrielle Small,,
BRNWPPDVRS349EQ,Kimberlymouth Branch,Shawn Owen,,
BRNWQMQZ2DQN71A,New Brandonland Branch,Aaron Buck,,
BRNWQNE4E6DY8SX,Tiffanyburgh Branch,Anthony King,,
BRNWTPM9SKI01F2,Carterfurt Branch,Kelsey Schmidt,,
BRNWUC8SQC8LJJP,Cannonville Branch,Taylor Smith,,
BRNWUMG1I5F8BE3,Port Brendatown Branch,John Gallegos,,
BRNWW929MKEXJX9,New Michael Branch,David Decker,,
BRNWZN2SY6YZHH5,Douglastown Branch,Tiffany Rios,,
BRNX0MA7GF2KFC5,New Tony Branch,Daniel Henderson,,
BRNX2FIYU1AH6SP,Teresaville Branch,Scott Davis,,
BRNX2UQGCWA4YJM,West Christopher Branch,Susan Sherman,,
BRNX3DU49NZM1V8,Keithtown Branch,Renee Jones,,
BRNX7W2H0D505BT,Haasport Branch,Mrs. Joy Lawrence,,
BRNX9UGP3BPB5JZ,Lake Scottburgh Branch,John Hill,,
BRNXBGY36CXM051,Port Kristen Branch,Kenneth Levy,,
BRNXBHBUZWGWZTK,Lake Elizabeth Branch,John Mclean,,
BRNXDBSTIMG28Q9,New Nicoletown Branch,Katherine Hutchinson,,
BRNXDX70U07PD51,Barnesfort Branch,James Atkinson,,
BRNXH4PH3DT4S1X,New Garrettton Branch,Darryl Stephens,,
BRNXITVGKRW81QT,Harrisfurt Branch,Matthew Bryant,,
BRNXPYD8UNM3YIQ,East Nicoleland Branch,Eric Hamilton,,
BRNXQZWDD6NHYSM,North Susan Branch,Kirk Collins,,
BRNXWSDQPKMLKF8,Davisberg Branch,Kayla Morris,,
BRNY0ZVA014166Q,East Rebeccastad Branch,Cindy Conner,,
BRNY102K39TVBHC,Jonesborough Branch,Brian Bennett,,
BRNY6USU82MEXL9,Michaelshire Branch,Anthony Thompson,,
BRNY8OVNR91D216,Lake Peterburgh Branch,Zachary Hunt,,
BRNY8PL3O1H6A32,New Jefferychester Branch,Guy Deleon,,
BRNYFXLTZ78CDN0,Jamesland Branch,Charles Roberts,,
BRNYIEBO3DABTIT,Angelicaville Branch,Mark Williams,,
BRNYIJK18M8U3UJ,North Raymondbury Branch,Tammy Castro,,
BRNYJRBJAYYF20K,Romeroborough Branch,Elizabeth Schultz,,
BRNYO4EWX9J9WAX,Michaelmouth Branch,Philip Gregory,,
BRNYO8XGDSR97ND,Martinbury Branch,Kevin Holt,,
BRNYPC17K0UAUCW,Jonesburgh Branch,Lindsay Wheeler,,
BRNYPTK9T80169B,Nicolemouth Branch,Eric Jones,,
BRNYVD368P26SEA,Fergusonbury Branch,Brett Jones,,
BRNYYHDB7NESWHR,East Danielle Branch,Laura Chen,,
BRNZ183DYN7EBAQ,Dixonview Branch,Charles Mitchell,,
BRNZ1WNRZ1J1XHW,Tatehaven Branch,Mckenzie Richardson,,
BRNZ5ZIW62A7H7G,North Barbara Branch,Shannon Wade,,
BRNZ7VEF8ZFG52R,Barrytown Branch,Dana Howard,,
BRNZ8E938YBHBAB,Port Lawrenceport Branch,Ronald Mccoy,,
BRNZB4K7AQQ60VF,Brittanyfurt Branch,Richard Odonnell,,
BRNZBYNA80B6NP2,Schultzport Branch,Cheyenne Hunt,,
BRNZEXRRCGGR20T,New Regina Branch,Richard Shea,,
BRNZF93PLJ518MI,West Dana Branch,Donald Perkins,,
BRNZLYF8JY6DZIN,Walshchester Branch,Richard George,,
BRNZMH2WHKFHUBW,North Andrea Branch,Debra Mcbride,,
BRNZMI2TDRVJKGH,Ryanview Branch,Cody Cole,,
BRNZMTLOQYE4UVQ,Lake Sarah Branch,Anthony Campbell,,
BRNZN9G7MISRRBX,South Jesse Branch,Cynthia Wilson,,
BRNZWNEJ3TMVBBE,West Gregoryside Branch,Jimmy Hatfield,,
BRNZYNKL77OE7AX,Margaretmouth Branch,Brian Baker,,
BRNZZ2HP6CYXYJW,North Stanley Branch,Steven Morgan,,
